INSERT INTO public.tenant (id, ownerid, name) VALUES ('07f0711f-b952-4f02-9e85-f90a2a69b0e1', '07f0711f-b952-4f02-9e85-f90a2a69b0e1','test');
INSERT INTO public."user" (role, createdat, lastlogin, id, tenantid, email, firstname, lastname, password, username) VALUES (2, '2024-03-21 11:28:19.000000', '2024-03-21 11:28:21.000000', '07f0711f-b952-4f02-9e85-f90a2a69b0e1', '07f0711f-b952-4f02-9e85-f90a2a69b0e1', 'test@test.de', 'Felix', 'Specht', '$2a$12$krc9SDoD11UDI7YHXp7kx.QaKWzd7RhAMZ5A1D6bJeE5lh8hASn.q', 'test');

INSERT INTO public."animal" (id, tenantId, name, dateOfAdmission, type, breedOne, breedTwo, sex, 
    isPublic, status, donationCall, isMissing, isSuccessStory, isPrivateAdoption, isCastrated, dateOfBirth, color, 
    weight, heightAtWithers, circumferenceOfNeck, lengthOfBack, circumferenceOfChest, bloodType, chipNumber, wasFound,
    notes, description, internalNotes
) VALUES ( '2fd779ac-28dc-4055-8a65-0c2e41832c7a', '07f0711f-b952-4f02-9e85-f90a2a69b0e1', 'Minnie', '2023-11-01T22:13:00.946Z', 'Dog', 'Husky', 'Husky', 1, true, 6, true, true, false, true, true, '2021-10-27T14:38:52.946Z', 'Purple', 36, 88, 8, 82, 67, 'B', '21fd3730-47c4-4b6c-8657-2ead96fcdb62', true, 'Lorem ipsum dolor sit amet.', 'Lorem ipsum dolor sit amet.', 'Lorem ipsum dolor sit amet.' ),
( 'd3e3c160-3f06-44e2-af2d-5f2be92d315c', '07f0711f-b952-4f02-9e85-f90a2a69b0e1', 'Riley', '2023-06-21T23:07:47.946Z', 'Cat', 'Siamese', 'Siamese', 0, true, 1, false, false, true, true, true, '2021-03-10T00:44:56.946Z', 'Olive', 91, 60, 73, 57, 83, 'AB', '60f31b94-1565-47ee-8f04-a4238735c790', false, 'Lorem ipsum dolor sit amet.', 'Lorem ipsum dolor sit amet.', 'Lorem ipsum dolor sit amet.' ),
( '6c274338-95fe-48ad-8f5e-9abc4665a4b8', '07f0711f-b952-4f02-9e85-f90a2a69b0e1', 'Zoey', '2023-02-16T14:30:48.946Z', 'Cat', 'Siamese', 'Siamese', 1, false, 5, false, false, true, true, true, '2021-11-14T05:16:30.946Z', 'Yellow', 84, 43, 11, 8, 68, 'A', 'e95dd4eb-2982-4e04-b334-0d4b44fb5e3e', true, 'Lorem ipsum dolor sit amet.', 'Lorem ipsum dolor sit amet.', 'Lorem ipsum dolor sit amet.' ),
( 'b1fe94cd-7674-4481-bf59-2f6edeee3848', '07f0711f-b952-4f02-9e85-f90a2a69b0e1', 'Molly', '2023-12-22T22:21:56.946Z', 'Cat', 'Siamese', 'Siamese', 1, true, 6, false, true, true, true, false, '2021-03-31T15:05:22.946Z', 'Cyan', 72, 34, 33, 1, 41, 'AB', 'c4bb5971-d9bb-4d31-b2fd-0c55ef9e58dc', true, 'Lorem ipsum dolor sit amet.', 'Lorem ipsum dolor sit amet.', 'Lorem ipsum dolor sit amet.' ),
( 'ec109895-905c-4206-bee2-b8897373900e', '07f0711f-b952-4f02-9e85-f90a2a69b0e1', 'Maya', '2023-08-07T11:45:00.946Z', 'Cat', 'Siamese', 'Siamese', 0, true, 8, false, true, true, true, true, '2021-10-08T03:08:30.946Z', 'Silver', 22, 38, 67, 3, 48, 'A', 'aa4c3ccb-4f39-4338-88d3-258c9cc7dfd7', true, 'Lorem ipsum dolor sit amet.', 'Lorem ipsum dolor sit amet.', 'Lorem ipsum dolor sit amet.' ),
( 'bd89be89-77c6-4a42-b5e1-a47b36b9c949', '07f0711f-b952-4f02-9e85-f90a2a69b0e1', 'Lola', '2023-03-27T05:27:23.946Z', 'Cat', 'Siamese', 'Siamese', 0, false, 4, false, false, true, true, true, '2021-08-23T03:59:04.946Z', 'Olive', 22, 57, 37, 64, 69, 'AB', '5b2dbde4-4f77-44b6-ac7a-e5dae336ef0f', false, 'Lorem ipsum dolor sit amet.', 'Lorem ipsum dolor sit amet.', 'Lorem ipsum dolor sit amet.' ),
( '9f704727-853c-4477-9371-0a34def622fa', '07f0711f-b952-4f02-9e85-f90a2a69b0e1', 'Penny', '2023-05-29T11:16:22.946Z', 'Dog', 'Husky', 'Husky', 1, true, 0, false, true, true, false, true, '2021-06-04T16:30:14.946Z', 'Coral', 68, 14, 62, 18, 43, '0', '166c3a4e-1761-49c7-87cd-fc87b2788387', false, 'Lorem ipsum dolor sit amet.', 'Lorem ipsum dolor sit amet.', 'Lorem ipsum dolor sit amet.' ),
( '7df0888e-3c48-46db-8c74-31e81e7d14bc', '07f0711f-b952-4f02-9e85-f90a2a69b0e1', 'Teddy', '2023-12-10T08:23:20.946Z', 'Dog', 'Husky', 'Husky', 1, true, 7, false, false, true, false, true, '2021-07-04T08:05:04.946Z', 'Cyan', 23, 28, 75, 19, 6, '0', '93024eb3-a3c3-439f-ab14-be55c9367930', true, 'Lorem ipsum dolor sit amet.', 'Lorem ipsum dolor sit amet.', 'Lorem ipsum dolor sit amet.' ),
( '19725238-ea56-4987-88b3-db3e64afd3ae', '07f0711f-b952-4f02-9e85-f90a2a69b0e1', 'Gracie', '2023-02-19T06:54:55.946Z', 'Dog', 'Husky', 'Husky', 0, false, 8, false, true, true, true, true, '2021-12-14T10:44:25.946Z', 'Tan', 46, 7, 7, 61, 93, '0', '0feb2e5a-cd96-40d2-a767-a03967fda83c', false, 'Lorem ipsum dolor sit amet.', 'Lorem ipsum dolor sit amet.', 'Lorem ipsum dolor sit amet.' ),
( '6924cadf-8dc7-4f48-8226-6443eef51460', '07f0711f-b952-4f02-9e85-f90a2a69b0e1', 'Riley', '2023-10-01T14:48:11.946Z', 'Dog', 'Husky', 'Husky', 0, false, 5, false, false, false, false, false, '2021-07-31T19:33:46.946Z', 'Silver', 26, 49, 16, 10, 85, '0', '5e6e0152-37d4-452a-be26-f20cab4adc4a', false, 'Lorem ipsum dolor sit amet.', 'Lorem ipsum dolor sit amet.', 'Lorem ipsum dolor sit amet.' ),
( '74081b69-3bce-40a4-b73b-a1400f445399', '07f0711f-b952-4f02-9e85-f90a2a69b0e1', 'Bruno', '2023-03-13T20:14:17.946Z', 'Cat', 'Siamese', 'Siamese', 0, false, 1, true, false, false, true, true, '2021-10-12T19:15:00.946Z', 'Orange', 21, 62, 4, 47, 2, '0', 'c6ce188c-3d6a-4e9a-be11-768a33bb1b79', false, 'Lorem ipsum dolor sit amet.', 'Lorem ipsum dolor sit amet.', 'Lorem ipsum dolor sit amet.' ),
( 'e9e7b4ca-a3d3-455f-a33d-17d9025cde98', '07f0711f-b952-4f02-9e85-f90a2a69b0e1', 'Mimi', '2023-02-13T14:06:22.946Z', 'Cat', 'Siamese', 'Siamese', 1, true, 7, false, false, true, false, true, '2021-08-27T23:38:28.946Z', 'White', 57, 20, 88, 4, 92, 'A', 'b8b6cb1f-f16a-4002-9a12-987b4a859e9d', true, 'Lorem ipsum dolor sit amet.', 'Lorem ipsum dolor sit amet.', 'Lorem ipsum dolor sit amet.' ),
( '0108aa6d-8ebc-4c02-abbd-9650cd359a0e', '07f0711f-b952-4f02-9e85-f90a2a69b0e1', 'Izzy', '2023-03-19T17:13:38.946Z', 'Dog', 'Husky', 'Husky', 0, true, 5, true, true, false, false, false, '2021-03-09T13:08:38.946Z', 'Purple', 76, 79, 45, 58, 95, 'A', '18402aa7-6866-473d-8fac-c32988689cdd', false, 'Lorem ipsum dolor sit amet.', 'Lorem ipsum dolor sit amet.', 'Lorem ipsum dolor sit amet.' ),
( '31ac2b09-ed10-4bb8-ab2c-518112667a85', '07f0711f-b952-4f02-9e85-f90a2a69b0e1', 'Sadie', '2023-06-02T07:48:58.946Z', 'Cat', 'Siamese', 'Siamese', 0, false, 7, true, false, true, true, false, '2021-09-07T00:45:45.946Z', 'Silver', 72, 20, 43, 23, 19, 'B', '6002a41c-89e9-4f80-9569-9a8fff81e852', false, 'Lorem ipsum dolor sit amet.', 'Lorem ipsum dolor sit amet.', 'Lorem ipsum dolor sit amet.' ),
( 'b7f284eb-c618-4847-9ae8-aab7f6e5c8f9', '07f0711f-b952-4f02-9e85-f90a2a69b0e1', 'Holly', '2023-07-15T11:37:22.946Z', 'Cat', 'Siamese', 'Siamese', 1, false, 1, true, false, false, true, false, '2021-05-14T01:27:59.946Z', 'Violet', 40, 73, 55, 44, 18, '0', '6c17de01-76ea-4331-b8b3-f8cf02f56e6e', false, 'Lorem ipsum dolor sit amet.', 'Lorem ipsum dolor sit amet.', 'Lorem ipsum dolor sit amet.' ),
( '65f85cde-51ba-42bb-abc3-b18acb74cbcc', '07f0711f-b952-4f02-9e85-f90a2a69b0e1', 'Chloe', '2023-03-22T09:12:40.946Z', 'Cat', 'Siamese', 'Siamese', 0, false, 4, true, false, true, false, false, '2021-06-16T11:25:35.946Z', 'Cyan', 5, 19, 9, 13, 38, 'AB', 'b17c5081-50d0-46b1-8c2d-3a0366fa6503', true, 'Lorem ipsum dolor sit amet.', 'Lorem ipsum dolor sit amet.', 'Lorem ipsum dolor sit amet.' ),
( '9da469c0-2233-45f6-bde7-ed896124851b', '07f0711f-b952-4f02-9e85-f90a2a69b0e1', 'Mia', '2023-08-17T06:07:48.946Z', 'Cat', 'Siamese', 'Siamese', 1, true, 1, true, false, false, true, false, '2021-04-01T01:05:23.946Z', 'Khaki', 57, 43, 26, 12, 81, 'AB', '94fbb509-73e7-4f24-ad2b-27e26d181c5c', true, 'Lorem ipsum dolor sit amet.', 'Lorem ipsum dolor sit amet.', 'Lorem ipsum dolor sit amet.' ),
( '52ab005d-085b-4391-8574-23f09a33dec9', '07f0711f-b952-4f02-9e85-f90a2a69b0e1', 'Oscar', '2023-05-31T21:04:24.946Z', 'Cat', 'Siamese', 'Siamese', 1, true, 2, true, true, true, true, false, '2021-05-08T05:50:55.946Z', 'Gold', 11, 0, 69, 45, 22, 'A', 'c33c967f-80c5-4de1-9738-c3658e62017f', false, 'Lorem ipsum dolor sit amet.', 'Lorem ipsum dolor sit amet.', 'Lorem ipsum dolor sit amet.' ),
( '61df12e4-df1f-4d50-baf3-9a9f4f8adda9', '07f0711f-b952-4f02-9e85-f90a2a69b0e1', 'Bentley', '2023-04-27T20:59:32.946Z', 'Dog', 'Husky', 'Husky', 0, true, 3, false, false, true, false, true, '2021-07-15T14:23:11.946Z', 'Azure', 58, 16, 89, 60, 60, 'B', '23e05aef-8843-4468-a39a-4a881af23864', false, 'Lorem ipsum dolor sit amet.', 'Lorem ipsum dolor sit amet.', 'Lorem ipsum dolor sit amet.' ),
( 'd06c20d9-8a62-4448-ba39-aa7144552e3f', '07f0711f-b952-4f02-9e85-f90a2a69b0e1', 'Buster', '2023-10-14T10:18:43.946Z', 'Cat', 'Siamese', 'Siamese', 0, false, 7, false, true, false, false, false, '2021-02-07T00:00:22.946Z', 'Khaki', 57, 27, 19, 2, 89, 'B', 'd0d0026c-3fdb-4b1b-9648-d53a3acc2ce9', true, 'Lorem ipsum dolor sit amet.', 'Lorem ipsum dolor sit amet.', 'Lorem ipsum dolor sit amet.' ),
( '9a09011f-d4f5-4bc5-a6fa-b1296bf73321', '07f0711f-b952-4f02-9e85-f90a2a69b0e1', 'Rosie', '2023-08-21T16:23:59.946Z', 'Dog', 'Husky', 'Husky', 0, false, 2, false, true, false, false, false, '2021-06-22T03:30:11.946Z', 'Khaki', 81, 59, 57, 29, 58, '0', 'ce6c8dd8-ccd3-4c65-a347-b54d9dc83457', false, 'Lorem ipsum dolor sit amet.', 'Lorem ipsum dolor sit amet.', 'Lorem ipsum dolor sit amet.' ),
( '617cc781-aa9b-442a-9657-cefa8ea298c8', '07f0711f-b952-4f02-9e85-f90a2a69b0e1', 'Sandy', '2023-07-24T14:04:22.946Z', 'Cat', 'Siamese', 'Siamese', 1, true, 1, false, false, true, false, false, '2021-09-22T01:38:34.946Z', 'Brown', 61, 47, 52, 17, 14, 'A', '0382adf5-ee41-4040-a365-d824fa0d26d6', false, 'Lorem ipsum dolor sit amet.', 'Lorem ipsum dolor sit amet.', 'Lorem ipsum dolor sit amet.' ),
( '6571b476-7141-4869-942b-dce4c90513fa', '07f0711f-b952-4f02-9e85-f90a2a69b0e1', 'Sadie', '2023-05-19T17:25:51.946Z', 'Dog', 'Husky', 'Husky', 1, false, 5, false, true, true, true, true, '2021-11-03T12:13:59.946Z', 'Grey', 6, 28, 52, 93, 34, 'B', '834477e9-7f1e-4d50-afe7-1ec2ecaf64da', true, 'Lorem ipsum dolor sit amet.', 'Lorem ipsum dolor sit amet.', 'Lorem ipsum dolor sit amet.' ),
( '419be415-6c4b-486d-a826-baa7f093e4e2', '07f0711f-b952-4f02-9e85-f90a2a69b0e1', 'Joey', '2023-05-05T03:46:35.946Z', 'Cat', 'Siamese', 'Siamese', 0, true, 6, false, false, false, true, true, '2021-05-05T13:17:08.946Z', 'Black', 34, 31, 52, 5, 59, 'A', '3f458e95-d52c-4079-9e89-0ed9105ae748', true, 'Lorem ipsum dolor sit amet.', 'Lorem ipsum dolor sit amet.', 'Lorem ipsum dolor sit amet.' ),
( '94c02c8a-ef24-4055-98bb-bfd6c7c7b008', '07f0711f-b952-4f02-9e85-f90a2a69b0e1', 'Maya', '2023-04-12T19:41:24.946Z', 'Dog', 'Husky', 'Husky', 1, false, 0, false, false, false, true, true, '2021-04-28T01:12:28.946Z', 'Beige', 51, 87, 25, 60, 38, 'B', 'a76d7c47-6a9c-464d-ad8e-976623336ddf', true, 'Lorem ipsum dolor sit amet.', 'Lorem ipsum dolor sit amet.', 'Lorem ipsum dolor sit amet.' ),
( '03ba7ad1-a70c-4fe2-8043-2f9f1bb63fcc', '07f0711f-b952-4f02-9e85-f90a2a69b0e1', 'Bear', '2023-08-04T14:29:39.946Z', 'Cat', 'Siamese', 'Siamese', 1, false, 5, false, true, false, true, true, '2021-03-05T00:36:32.946Z', 'Black', 75, 75, 26, 48, 84, 'B', '4b4759b9-db91-4cbb-80a7-f34c07fa1261', true, 'Lorem ipsum dolor sit amet.', 'Lorem ipsum dolor sit amet.', 'Lorem ipsum dolor sit amet.' ),
( 'ec27d943-2dd9-4a17-bbe7-94ea453da78a', '07f0711f-b952-4f02-9e85-f90a2a69b0e1', 'Blue', '2023-03-09T11:22:54.946Z', 'Dog', 'Husky', 'Husky', 0, false, 2, false, false, false, false, true, '2021-02-07T21:10:33.946Z', 'White', 64, 32, 17, 82, 25, 'B', 'dbc466e4-a45e-45ad-a839-4d04cffc549f', false, 'Lorem ipsum dolor sit amet.', 'Lorem ipsum dolor sit amet.', 'Lorem ipsum dolor sit amet.' ),
( '1ce21bd0-e663-48cb-9403-3152035c6df0', '07f0711f-b952-4f02-9e85-f90a2a69b0e1', 'Bella', '2023-12-02T10:08:32.946Z', 'Dog', 'Husky', 'Husky', 1, false, 2, false, true, true, false, false, '2021-02-14T01:19:08.946Z', 'Plum', 91, 83, 45, 57, 52, 'B', '150abcf7-3835-4cbb-9254-94782163d9dd', true, 'Lorem ipsum dolor sit amet.', 'Lorem ipsum dolor sit amet.', 'Lorem ipsum dolor sit amet.' ),
( '3938573f-e8c2-4a49-a1cc-2f464210fcdb', '07f0711f-b952-4f02-9e85-f90a2a69b0e1', 'Charlie', '2023-01-28T13:45:22.946Z', 'Cat', 'Siamese', 'Siamese', 1, false, 4, false, true, true, true, false, '2021-02-19T00:17:30.946Z', 'Lime', 33, 68, 4, 82, 76, 'AB', '7b305f7d-507e-4ca3-b3c2-b489b6d6fe6d', false, 'Lorem ipsum dolor sit amet.', 'Lorem ipsum dolor sit amet.', 'Lorem ipsum dolor sit amet.' ),
( '749e6a9a-685b-4bd6-843d-2a1ce302b24d', '07f0711f-b952-4f02-9e85-f90a2a69b0e1', 'Gracie', '2023-10-12T04:03:40.946Z', 'Cat', 'Siamese', 'Siamese', 1, false, 4, true, true, true, true, true, '2021-09-26T03:14:50.946Z', 'Navy', 4, 66, 73, 8, 76, 'AB', 'fda910dc-cc3b-4cf6-a340-b6364f1ba075', false, 'Lorem ipsum dolor sit amet.', 'Lorem ipsum dolor sit amet.', 'Lorem ipsum dolor sit amet.' ),
( '243bb3f1-370d-462e-9284-f300d5a88009', '07f0711f-b952-4f02-9e85-f90a2a69b0e1', 'Mocha', '2023-12-15T14:52:22.946Z', 'Cat', 'Siamese', 'Siamese', 0, false, 8, true, false, false, true, true, '2021-09-24T01:05:10.946Z', 'Azure', 62, 10, 13, 61, 84, 'A', 'ff2c6ee8-cff0-446a-aa81-349a8b7a259e', false, 'Lorem ipsum dolor sit amet.', 'Lorem ipsum dolor sit amet.', 'Lorem ipsum dolor sit amet.' ),
( '2eaefa07-7763-4df6-9daf-b9f8801c4ce6', '07f0711f-b952-4f02-9e85-f90a2a69b0e1', 'Angel', '2023-11-30T13:20:03.946Z', 'Dog', 'Husky', 'Husky', 0, true, 5, true, true, true, false, true, '2021-05-11T09:42:47.946Z', 'Mint', 49, 99, 48, 36, 45, 'A', '559b18ce-777b-471d-bc03-c493003e5f13', false, 'Lorem ipsum dolor sit amet.', 'Lorem ipsum dolor sit amet.', 'Lorem ipsum dolor sit amet.' ),
( '84ad2fce-42e9-4953-9b14-17de8595ca20', '07f0711f-b952-4f02-9e85-f90a2a69b0e1', 'Teddy', '2023-07-13T00:36:34.946Z', 'Dog', 'Husky', 'Husky', 1, false, 7, true, false, true, false, true, '2021-12-23T03:43:05.946Z', 'Silver', 52, 29, 29, 25, 0, 'AB', '8a8a8c85-f77c-41ec-ad30-c900b4453a81', false, 'Lorem ipsum dolor sit amet.', 'Lorem ipsum dolor sit amet.', 'Lorem ipsum dolor sit amet.' ),
( '927d9b10-79b0-48aa-aafb-9de815f517b2', '07f0711f-b952-4f02-9e85-f90a2a69b0e1', 'Finn', '2023-07-12T00:32:20.946Z', 'Cat', 'Siamese', 'Siamese', 1, true, 3, true, false, true, false, true, '2021-12-09T21:07:40.946Z', 'Green', 70, 71, 27, 74, 17, '0', '4379834a-5d8d-4eab-b953-3ead495d81d6', false, 'Lorem ipsum dolor sit amet.', 'Lorem ipsum dolor sit amet.', 'Lorem ipsum dolor sit amet.' ),
( 'e5aa0184-44fc-47ed-9efa-d4675bbf71d3', '07f0711f-b952-4f02-9e85-f90a2a69b0e1', 'Abby', '2023-09-24T07:49:38.946Z', 'Cat', 'Siamese', 'Siamese', 0, true, 4, false, true, true, false, true, '2021-12-20T06:58:50.947Z', 'Green', 92, 66, 21, 64, 90, 'A', '1cd0aa2e-3bd2-49a0-a64f-cbbbf2d75657', true, 'Lorem ipsum dolor sit amet.', 'Lorem ipsum dolor sit amet.', 'Lorem ipsum dolor sit amet.' ),
( 'ccc0c200-573e-49a6-a026-67ff923ac0b9', '07f0711f-b952-4f02-9e85-f90a2a69b0e1', 'Otis', '2023-01-10T20:32:21.947Z', 'Dog', 'Husky', 'Husky', 0, true, 7, true, true, true, false, false, '2021-10-19T14:47:06.947Z', 'White', 73, 57, 35, 40, 95, 'B', '058257fe-f0d1-44b8-9001-e1662af0e99c', true, 'Lorem ipsum dolor sit amet.', 'Lorem ipsum dolor sit amet.', 'Lorem ipsum dolor sit amet.' ),
( '72704ec6-11c8-49ca-8a91-6dab68da2de8', '07f0711f-b952-4f02-9e85-f90a2a69b0e1', 'Otis', '2023-05-25T11:11:38.947Z', 'Dog', 'Husky', 'Husky', 0, true, 7, false, false, false, true, false, '2021-09-05T20:14:59.947Z', 'Cyan', 44, 27, 27, 12, 54, 'AB', '45fbaae3-5265-4efa-933b-33394e842a2e', false, 'Lorem ipsum dolor sit amet.', 'Lorem ipsum dolor sit amet.', 'Lorem ipsum dolor sit amet.' ),
( 'a02ba973-14b6-4b39-8910-d881204748da', '07f0711f-b952-4f02-9e85-f90a2a69b0e1', 'Kona', '2023-04-05T22:13:50.947Z', 'Dog', 'Husky', 'Husky', 1, false, 5, true, true, true, false, false, '2021-12-12T03:16:17.947Z', 'Purple', 62, 23, 27, 74, 4, '0', '19f0eddc-d424-470f-a76e-237165a45259', false, 'Lorem ipsum dolor sit amet.', 'Lorem ipsum dolor sit amet.', 'Lorem ipsum dolor sit amet.' ),
( '9f85b220-f315-46b0-b243-7ecd01a2b3fb', '07f0711f-b952-4f02-9e85-f90a2a69b0e1', 'Cooper', '2023-07-18T18:16:22.947Z', 'Cat', 'Siamese', 'Siamese', 0, true, 0, false, true, true, true, false, '2021-02-17T01:29:10.947Z', 'Salmon', 67, 64, 39, 81, 28, 'B', '464ca765-5e60-43bd-b904-d3d9af391156', false, 'Lorem ipsum dolor sit amet.', 'Lorem ipsum dolor sit amet.', 'Lorem ipsum dolor sit amet.' ),
( '5596d7de-4512-4100-86e1-b3041989b5f9', '07f0711f-b952-4f02-9e85-f90a2a69b0e1', 'Minnie', '2023-02-14T01:08:41.947Z', 'Dog', 'Husky', 'Husky', 0, false, 1, true, true, false, false, false, '2021-06-02T04:46:18.947Z', 'Salmon', 36, 88, 2, 75, 49, 'AB', 'd6184dac-2293-4e5e-8d20-7655afdf6a6e', false, 'Lorem ipsum dolor sit amet.', 'Lorem ipsum dolor sit amet.', 'Lorem ipsum dolor sit amet.' ),
( 'a1ed5d9f-f4c6-4eef-9c52-b159da65f351', '07f0711f-b952-4f02-9e85-f90a2a69b0e1', 'Ellie', '2023-07-25T16:04:38.947Z', 'Cat', 'Siamese', 'Siamese', 0, true, 5, true, true, true, false, true, '2021-09-20T18:34:29.947Z', 'Grey', 47, 30, 40, 14, 2, '0', '7981f818-eb0d-4539-b8cf-44c6d64bbdb0', false, 'Lorem ipsum dolor sit amet.', 'Lorem ipsum dolor sit amet.', 'Lorem ipsum dolor sit amet.' ),
( '577ef46c-0820-4229-bd4f-894d3183473a', '07f0711f-b952-4f02-9e85-f90a2a69b0e1', 'Ellie', '2023-07-15T16:14:06.947Z', 'Cat', 'Siamese', 'Siamese', 0, true, 8, true, true, true, false, true, '2021-01-09T23:31:31.947Z', 'Teal', 57, 10, 70, 69, 52, 'AB', 'f40a66d4-aaf2-4d3c-8c55-88fd84537630', false, 'Lorem ipsum dolor sit amet.', 'Lorem ipsum dolor sit amet.', 'Lorem ipsum dolor sit amet.' ),
( 'b42a5acb-0efc-4b68-93b6-2e563212a87d', '07f0711f-b952-4f02-9e85-f90a2a69b0e1', 'Cooper', '2023-12-19T18:27:43.947Z', 'Dog', 'Husky', 'Husky', 0, true, 6, false, true, false, true, true, '2021-06-20T10:44:06.947Z', 'Aquamarine', 74, 72, 92, 25, 32, 'A', '4dca43bf-8f7e-4e2d-ba85-f2b7aefc50e4', false, 'Lorem ipsum dolor sit amet.', 'Lorem ipsum dolor sit amet.', 'Lorem ipsum dolor sit amet.' ),
( 'c7dcb166-cad9-4e40-99dd-a4fbe0f2b627', '07f0711f-b952-4f02-9e85-f90a2a69b0e1', 'Layla', '2023-09-03T17:48:58.947Z', 'Dog', 'Husky', 'Husky', 1, true, 0, false, false, true, false, true, '2021-04-04T17:12:22.947Z', 'Plum', 16, 11, 93, 19, 65, 'A', '49b62261-a357-4f22-856c-9f097d94fac0', true, 'Lorem ipsum dolor sit amet.', 'Lorem ipsum dolor sit amet.', 'Lorem ipsum dolor sit amet.' ),
( 'fce7c18b-de1b-4faf-b1d6-35182c0e5379', '07f0711f-b952-4f02-9e85-f90a2a69b0e1', 'Rudy', '2023-10-14T20:35:35.947Z', 'Dog', 'Husky', 'Husky', 1, false, 6, false, true, true, false, true, '2021-01-20T17:48:37.947Z', 'Silver', 51, 93, 93, 77, 3, 'A', 'ffaee965-d9c8-49af-b256-4c91a1b35e53', false, 'Lorem ipsum dolor sit amet.', 'Lorem ipsum dolor sit amet.', 'Lorem ipsum dolor sit amet.' ),
( '7c8c40bb-1776-4213-8f26-3de8a370a459', '07f0711f-b952-4f02-9e85-f90a2a69b0e1', 'Blue', '2023-08-10T05:48:15.947Z', 'Dog', 'Husky', 'Husky', 1, true, 3, false, false, true, false, true, '2021-08-24T12:05:48.947Z', 'Beige', 40, 8, 38, 47, 58, 'AB', '3e2da435-aa30-46d0-b973-fae4807aa7ae', false, 'Lorem ipsum dolor sit amet.', 'Lorem ipsum dolor sit amet.', 'Lorem ipsum dolor sit amet.' ),
( '07f35944-807e-4896-adc3-fb8e35a7d603', '07f0711f-b952-4f02-9e85-f90a2a69b0e1', 'Finn', '2023-11-03T02:31:04.947Z', 'Dog', 'Husky', 'Husky', 1, true, 5, false, false, false, false, false, '2021-04-01T08:58:06.947Z', 'Lime', 89, 35, 27, 26, 16, '0', 'cf064764-fa3a-40d8-b919-fc3632955bd3', false, 'Lorem ipsum dolor sit amet.', 'Lorem ipsum dolor sit amet.', 'Lorem ipsum dolor sit amet.' ),
( 'da0c2f8a-b7e0-4f8f-89b3-65e4d598a3f2', '07f0711f-b952-4f02-9e85-f90a2a69b0e1', 'Harley', '2023-05-08T21:36:09.947Z', 'Dog', 'Husky', 'Husky', 0, false, 7, true, true, true, false, false, '2021-04-01T09:28:32.947Z', 'White', 10, 70, 86, 82, 19, '0', '58f635cd-9552-491d-a968-3b00ee8f9bc1', false, 'Lorem ipsum dolor sit amet.', 'Lorem ipsum dolor sit amet.', 'Lorem ipsum dolor sit amet.' ),
( '439cbf22-2a1c-4ff7-8e91-98bde1b4060a', '07f0711f-b952-4f02-9e85-f90a2a69b0e1', 'Luna', '2023-06-14T23:18:26.947Z', 'Dog', 'Husky', 'Husky', 0, false, 4, true, false, false, false, false, '2021-03-01T09:17:47.947Z', 'Black', 62, 5, 81, 76, 32, 'A', '13940e20-36cb-4ee6-82dd-a783f2f8a575', true, 'Lorem ipsum dolor sit amet.', 'Lorem ipsum dolor sit amet.', 'Lorem ipsum dolor sit amet.' ),
( 'cf01884f-3f4b-4c2e-acbe-95886b284c00', '07f0711f-b952-4f02-9e85-f90a2a69b0e1', 'Zeus', '2023-06-29T03:29:54.947Z', 'Dog', 'Husky', 'Husky', 1, true, 1, true, false, true, true, true, '2021-11-14T19:41:42.947Z', 'Black', 86, 54, 19, 4, 7, 'B', '557b8e17-67b2-4b31-80c3-68d214656a42', true, 'Lorem ipsum dolor sit amet.', 'Lorem ipsum dolor sit amet.', 'Lorem ipsum dolor sit amet.' );
INSERT INTO public."animal_allergies" (animal_id, allergies) VALUES ( '6c274338-95fe-48ad-8f5e-9abc4665a4b8', 'Bacterial Allergies' ),
( 'b1fe94cd-7674-4481-bf59-2f6edeee3848', 'Fleas' ),
( 'ec109895-905c-4206-bee2-b8897373900e', 'Food Allergies' ),
( '9f704727-853c-4477-9371-0a34def622fa', 'Flea Allergy Dermatitis' ),
( '7df0888e-3c48-46db-8c74-31e81e7d14bc', 'Fleas' ),
( '7df0888e-3c48-46db-8c74-31e81e7d14bc', 'Ringworm' ),
( '19725238-ea56-4987-88b3-db3e64afd3ae', 'Ear Mites' ),
( '19725238-ea56-4987-88b3-db3e64afd3ae', 'Food Allergies' ),
( '6924cadf-8dc7-4f48-8226-6443eef51460', 'Inhalant Allergies' ),
( '6924cadf-8dc7-4f48-8226-6443eef51460', 'Food Allergies' ),
( '74081b69-3bce-40a4-b73b-a1400f445399', 'Food Allergies' ),
( 'e9e7b4ca-a3d3-455f-a33d-17d9025cde98', 'Inhalant Allergies' ),
( '0108aa6d-8ebc-4c02-abbd-9650cd359a0e', 'Fleas' ),
( '0108aa6d-8ebc-4c02-abbd-9650cd359a0e', 'Bacterial Allergies' ),
( '31ac2b09-ed10-4bb8-ab2c-518112667a85', 'Contact Allergies' ),
( 'b7f284eb-c618-4847-9ae8-aab7f6e5c8f9', 'Fleas' ),
( '65f85cde-51ba-42bb-abc3-b18acb74cbcc', 'Ringworm' ),
( '65f85cde-51ba-42bb-abc3-b18acb74cbcc', 'Yeast Allergies' ),
( '9da469c0-2233-45f6-bde7-ed896124851b', 'Fleas' ),
( '9da469c0-2233-45f6-bde7-ed896124851b', 'Ticks' ),
( '52ab005d-085b-4391-8574-23f09a33dec9', 'Flea Allergy Dermatitis' ),
( '52ab005d-085b-4391-8574-23f09a33dec9', 'Bacterial Allergies' ),
( 'd06c20d9-8a62-4448-ba39-aa7144552e3f', 'Ringworm' ),
( '617cc781-aa9b-442a-9657-cefa8ea298c8', 'Ringworm' ),
( '617cc781-aa9b-442a-9657-cefa8ea298c8', 'Food Allergies' ),
( '419be415-6c4b-486d-a826-baa7f093e4e2', 'Bacterial Allergies' ),
( '94c02c8a-ef24-4055-98bb-bfd6c7c7b008', 'Contact Allergies' ),
( '94c02c8a-ef24-4055-98bb-bfd6c7c7b008', 'Fleas' ),
( 'ec27d943-2dd9-4a17-bbe7-94ea453da78a', 'Food Allergies' ),
( '1ce21bd0-e663-48cb-9403-3152035c6df0', 'Yeast Allergies' ),
( '1ce21bd0-e663-48cb-9403-3152035c6df0', 'Ear Mites' ),
( '243bb3f1-370d-462e-9284-f300d5a88009', 'Flea Allergy Dermatitis' ),
( '2eaefa07-7763-4df6-9daf-b9f8801c4ce6', 'Fleas' ),
( '927d9b10-79b0-48aa-aafb-9de815f517b2', 'Ticks' ),
( '927d9b10-79b0-48aa-aafb-9de815f517b2', 'Yeast Allergies' ),
( 'e5aa0184-44fc-47ed-9efa-d4675bbf71d3', 'Fleas' ),
( 'e5aa0184-44fc-47ed-9efa-d4675bbf71d3', 'Bacterial Allergies' ),
( '72704ec6-11c8-49ca-8a91-6dab68da2de8', 'Food Allergies' ),
( '72704ec6-11c8-49ca-8a91-6dab68da2de8', 'Inhalant Allergies' ),
( 'a02ba973-14b6-4b39-8910-d881204748da', 'Fleas' ),
( 'a02ba973-14b6-4b39-8910-d881204748da', 'Ear Mites' ),
( '5596d7de-4512-4100-86e1-b3041989b5f9', 'Inhalant Allergies' ),
( '577ef46c-0820-4229-bd4f-894d3183473a', 'Food Allergies' ),
( '577ef46c-0820-4229-bd4f-894d3183473a', 'Ticks' ),
( 'b42a5acb-0efc-4b68-93b6-2e563212a87d', 'Bacterial Allergies' ),
( 'fce7c18b-de1b-4faf-b1d6-35182c0e5379', 'Contact Allergies' ),
( 'fce7c18b-de1b-4faf-b1d6-35182c0e5379', 'Ticks' ),
( '07f35944-807e-4896-adc3-fb8e35a7d603', 'Fleas' ),
( '07f35944-807e-4896-adc3-fb8e35a7d603', 'Ticks' ),
( 'da0c2f8a-b7e0-4f8f-89b3-65e4d598a3f2', 'Contact Allergies' ),
( 'da0c2f8a-b7e0-4f8f-89b3-65e4d598a3f2', 'Ticks' ),
( '439cbf22-2a1c-4ff7-8e91-98bde1b4060a', 'Bacterial Allergies' ),
( 'cf01884f-3f4b-4c2e-acbe-95886b284c00', 'Bacterial Allergies' ),
( 'cf01884f-3f4b-4c2e-acbe-95886b284c00', 'Yeast Allergies' );
INSERT INTO public."animal_illnesses" (animal_id, illnesses) VALUES ( '2fd779ac-28dc-4055-8a65-0c2e41832c7a', 'Feline Kidney Disease' ),
( '2fd779ac-28dc-4055-8a65-0c2e41832c7a', 'Feline Diabetes' ),
( '6c274338-95fe-48ad-8f5e-9abc4665a4b8', 'Feline Infectious Peritonitis (FIP)' ),
( '6c274338-95fe-48ad-8f5e-9abc4665a4b8', 'Feline Kidney Disease' ),
( 'b1fe94cd-7674-4481-bf59-2f6edeee3848', 'Feline Immunodeficiency Virus (FIV)' ),
( 'b1fe94cd-7674-4481-bf59-2f6edeee3848', 'Feline Dental Disease' ),
( '9f704727-853c-4477-9371-0a34def622fa', 'Feline Diabetes' ),
( '7df0888e-3c48-46db-8c74-31e81e7d14bc', 'Feline Kidney Disease' ),
( '19725238-ea56-4987-88b3-db3e64afd3ae', 'Feline Diabetes' ),
( '19725238-ea56-4987-88b3-db3e64afd3ae', 'Feline Infectious Peritonitis (FIP)' ),
( '6924cadf-8dc7-4f48-8226-6443eef51460', 'Feline Kidney Disease' ),
( 'e9e7b4ca-a3d3-455f-a33d-17d9025cde98', 'Feline Lower Urinary Tract Disease (FLUTD)' ),
( 'e9e7b4ca-a3d3-455f-a33d-17d9025cde98', 'Feline Asthma' ),
( '0108aa6d-8ebc-4c02-abbd-9650cd359a0e', 'Feline Asthma' ),
( '0108aa6d-8ebc-4c02-abbd-9650cd359a0e', 'Feline Asthma' ),
( '65f85cde-51ba-42bb-abc3-b18acb74cbcc', 'Feline Leukemia Virus (FeLV)' ),
( '65f85cde-51ba-42bb-abc3-b18acb74cbcc', 'Feline Immunodeficiency Virus (FIV)' ),
( '9da469c0-2233-45f6-bde7-ed896124851b', 'Feline Hyperthyroidism' ),
( '9a09011f-d4f5-4bc5-a6fa-b1296bf73321', 'Feline Asthma' ),
( '6571b476-7141-4869-942b-dce4c90513fa', 'Feline Obesity' ),
( '6571b476-7141-4869-942b-dce4c90513fa', 'Feline Leukemia Virus (FeLV)' ),
( '419be415-6c4b-486d-a826-baa7f093e4e2', 'Feline Leukemia Virus (FeLV)' ),
( '94c02c8a-ef24-4055-98bb-bfd6c7c7b008', 'Feline Diabetes' ),
( 'ec27d943-2dd9-4a17-bbe7-94ea453da78a', 'Feline Hyperthyroidism' ),
( '1ce21bd0-e663-48cb-9403-3152035c6df0', 'Feline Dental Disease' ),
( '3938573f-e8c2-4a49-a1cc-2f464210fcdb', 'Feline Diabetes' ),
( '3938573f-e8c2-4a49-a1cc-2f464210fcdb', 'Feline Diabetes' ),
( '749e6a9a-685b-4bd6-843d-2a1ce302b24d', 'Feline Dental Disease' ),
( '749e6a9a-685b-4bd6-843d-2a1ce302b24d', 'Feline Leukemia Virus (FeLV)' ),
( '2eaefa07-7763-4df6-9daf-b9f8801c4ce6', 'Feline Asthma' ),
( '84ad2fce-42e9-4953-9b14-17de8595ca20', 'Feline Infectious Peritonitis (FIP)' ),
( '84ad2fce-42e9-4953-9b14-17de8595ca20', 'Feline Infectious Peritonitis (FIP)' ),
( '927d9b10-79b0-48aa-aafb-9de815f517b2', 'Feline Asthma' ),
( '927d9b10-79b0-48aa-aafb-9de815f517b2', 'Feline Kidney Disease' ),
( 'e5aa0184-44fc-47ed-9efa-d4675bbf71d3', 'Feline Asthma' ),
( '72704ec6-11c8-49ca-8a91-6dab68da2de8', 'Feline Asthma' ),
( 'a02ba973-14b6-4b39-8910-d881204748da', 'Feline Lower Urinary Tract Disease (FLUTD)' ),
( 'a1ed5d9f-f4c6-4eef-9c52-b159da65f351', 'Feline Hyperthyroidism' ),
( 'a1ed5d9f-f4c6-4eef-9c52-b159da65f351', 'Feline Infectious Peritonitis (FIP)' ),
( 'b42a5acb-0efc-4b68-93b6-2e563212a87d', 'Feline Asthma' ),
( '7c8c40bb-1776-4213-8f26-3de8a370a459', 'Feline Hyperthyroidism' ),
( '7c8c40bb-1776-4213-8f26-3de8a370a459', 'Feline Infectious Peritonitis (FIP)' ),
( 'da0c2f8a-b7e0-4f8f-89b3-65e4d598a3f2', 'Feline Kidney Disease' ),
( '439cbf22-2a1c-4ff7-8e91-98bde1b4060a', 'Feline Dental Disease' ),
( 'cf01884f-3f4b-4c2e-acbe-95886b284c00', 'Feline Kidney Disease' );
