INSERT INTO public.tenant (id, ownerid, name, baseUrl)
VALUES ('07f0711f-b952-4f02-9e85-f90a2a69b0e1', '07f0711f-b952-4f02-9e85-f90a2a69b0e1', 'test', 'http://localhost:8080');
INSERT INTO public."user" (role, createdat, lastlogin, id, tenantid, email, firstname, lastname, password, username)
VALUES (2, '2024-03-21 11:28:19.000000', '2024-03-21 11:28:21.000000', '07f0711f-b952-4f02-9e85-f90a2a69b0e1',
        '07f0711f-b952-4f02-9e85-f90a2a69b0e1', 'test@test.de', 'Felix', 'Specht',
        '$2a$12$krc9SDoD11UDI7YHXp7kx.QaKWzd7RhAMZ5A1D6bJeE5lh8hASn.q', 'test');
INSERT INTO public."animal" (id, tenantId, mainPictureFileUrl, name, dateOfAdmission, type, breedOne, breedTwo, sex, 
    public, status, donationCall, missing, successStory, privateAdoption, castrated, dateOfBirth, color, 
    weight, heightAtWithers, circumferenceOfNeck, lengthOfBack, circumferenceOfChest, bloodType, chipNumber, wasFound,
    notes, description, internalNotes
) VALUES ( 'a108a82d-9acd-498b-9da5-0a77375a328f', '07f0711f-b952-4f02-9e85-f90a2a69b0e1', 'https://sobotta.digital/animals/cat3.jpg', 'Maddie', '2023-08-22T14:48:12.553Z', 'Cat', 'Siamese', 'Siamese', 1, false, 8, false, false, true, true, true, '2021-12-11T05:05:42.553Z', 'Khaki', 50, 41, 50, 74, 74, 'A', '8bf18fa8-8600-4230-8342-405cbbaab946', true, 'Lorem ipsum dolor sit amet.', 'Lorem ipsum dolor sit amet.', 'Lorem ipsum dolor sit amet.' ),
( 'aa19fa59-4916-464d-920d-6231ab7f3f2e', '07f0711f-b952-4f02-9e85-f90a2a69b0e1', 'https://sobotta.digital/animals/dog3.jpg', 'Shadow', '2023-07-31T20:28:41.553Z', 'Dog', 'Husky', 'Husky', 1, false, 8, true, false, true, true, false, '2021-07-26T08:17:24.554Z', 'Orange', 74, 18, 61, 52, 48, 'B', '2d9edda6-5b45-4821-bdf6-7d310ed7dea3', false, 'Lorem ipsum dolor sit amet.', 'Lorem ipsum dolor sit amet.', 'Lorem ipsum dolor sit amet.' ),
( '5b6ba7bf-407e-494d-930c-3e6aca367b39', '07f0711f-b952-4f02-9e85-f90a2a69b0e1', 'https://sobotta.digital/animals/dog5.jpg', 'Phoebe', '2023-11-14T00:44:37.554Z', 'Dog', 'Husky', 'Husky', 0, true, 5, false, true, true, true, false, '2021-12-27T02:35:04.554Z', 'Tan', 8, 31, 86, 32, 94, 'B', '68f5eb05-7f77-4ab6-b48e-58eafa09660f', false, 'Lorem ipsum dolor sit amet.', 'Lorem ipsum dolor sit amet.', 'Lorem ipsum dolor sit amet.' ),
( '8d970694-797a-4852-b142-18fd14d9de35', '07f0711f-b952-4f02-9e85-f90a2a69b0e1', 'https://sobotta.digital/animals/cat4.jpg', 'Mia', '2023-07-04T00:21:31.554Z', 'Cat', 'Siamese', 'Siamese', 1, false, 7, false, false, true, true, false, '2021-08-13T20:53:47.554Z', 'Grey', 46, 83, 58, 87, 21, '0', '6bb5a08a-1662-4040-a623-287008615cd0', true, 'Lorem ipsum dolor sit amet.', 'Lorem ipsum dolor sit amet.', 'Lorem ipsum dolor sit amet.' ),
( 'ae627bf1-501a-4642-ba7e-8a25183629f8', '07f0711f-b952-4f02-9e85-f90a2a69b0e1', 'https://sobotta.digital/animals/dog4.jpg', 'Duke', '2023-01-02T00:18:01.554Z', 'Dog', 'Husky', 'Husky', 1, false, 0, false, true, true, true, false, '2021-09-24T20:47:58.554Z', 'Olive', 38, 43, 21, 89, 36, 'A', '3d12e599-53e8-4957-9178-2cf6d05bfab0', true, 'Lorem ipsum dolor sit amet.', 'Lorem ipsum dolor sit amet.', 'Lorem ipsum dolor sit amet.' ),
( 'e20a32f2-c808-45e3-bdb6-2389e8efaa20', '07f0711f-b952-4f02-9e85-f90a2a69b0e1', 'https://sobotta.digital/animals/dog5.jpg', 'Chance', '2023-08-23T16:46:57.554Z', 'Dog', 'Husky', 'Husky', 1, false, 4, false, true, false, false, true, '2021-03-06T21:26:05.554Z', 'Black', 84, 55, 6, 97, 39, '0', 'be3d6e6f-6ec8-4b5a-b944-6a4fd87c9451', true, 'Lorem ipsum dolor sit amet.', 'Lorem ipsum dolor sit amet.', 'Lorem ipsum dolor sit amet.' ),
( 'c6693d20-9560-4bcc-ac1f-b029eddee172', '07f0711f-b952-4f02-9e85-f90a2a69b0e1', 'https://sobotta.digital/animals/dog5.jpg', 'Harley', '2023-01-10T22:02:23.554Z', 'Dog', 'Husky', 'Husky', 1, true, 0, false, false, true, true, true, '2021-09-04T22:31:13.554Z', 'Teal', 27, 94, 1, 74, 67, 'AB', '6154260b-9f27-4f79-9947-f39900653703', false, 'Lorem ipsum dolor sit amet.', 'Lorem ipsum dolor sit amet.', 'Lorem ipsum dolor sit amet.' ),
( '892c8523-d6e3-4670-a7d8-2a2078e6da45', '07f0711f-b952-4f02-9e85-f90a2a69b0e1', 'https://sobotta.digital/animals/dog3.jpg', 'Penny', '2023-09-14T04:24:09.554Z', 'Dog', 'Husky', 'Husky', 0, false, 2, false, false, false, false, true, '2021-11-12T21:20:55.554Z', 'Orange', 43, 85, 59, 18, 27, 'B', 'ade27dfe-b2d5-43cb-bf95-257c2fb891d7', false, 'Lorem ipsum dolor sit amet.', 'Lorem ipsum dolor sit amet.', 'Lorem ipsum dolor sit amet.' ),
( '710f33bd-279e-4e1c-85a5-fe15d72cd01a', '07f0711f-b952-4f02-9e85-f90a2a69b0e1', 'https://sobotta.digital/animals/dog5.jpg', 'Joey', '2023-01-18T12:17:11.554Z', 'Dog', 'Husky', 'Husky', 0, true, 7, true, false, false, false, true, '2021-11-04T03:43:40.554Z', 'Navy', 23, 10, 13, 63, 88, '0', 'ccaa236d-6d28-4edb-afea-8ea3fa97a7d8', true, 'Lorem ipsum dolor sit amet.', 'Lorem ipsum dolor sit amet.', 'Lorem ipsum dolor sit amet.' ),
( '319a98f0-19a3-44aa-8a19-6be1aaa47aa3', '07f0711f-b952-4f02-9e85-f90a2a69b0e1', 'https://sobotta.digital/animals/dog2.jpg', 'Macy', '2023-11-17T05:03:46.554Z', 'Dog', 'Husky', 'Husky', 1, false, 0, false, false, true, true, true, '2021-02-22T13:23:59.554Z', 'Indigo', 60, 82, 60, 94, 76, '0', '00467f89-1e64-433c-9e06-580c52e6e661', false, 'Lorem ipsum dolor sit amet.', 'Lorem ipsum dolor sit amet.', 'Lorem ipsum dolor sit amet.' );
INSERT INTO public."animal_allergies" (animal_id, allergies) VALUES ( '5b6ba7bf-407e-494d-930c-3e6aca367b39', 'Contact Allergies' ),
( '5b6ba7bf-407e-494d-930c-3e6aca367b39', 'Inhalant Allergies' ),
( '8d970694-797a-4852-b142-18fd14d9de35', 'Ringworm' ),
( 'ae627bf1-501a-4642-ba7e-8a25183629f8', 'Ear Mites' ),
( 'ae627bf1-501a-4642-ba7e-8a25183629f8', 'Food Allergies' ),
( 'e20a32f2-c808-45e3-bdb6-2389e8efaa20', 'Ringworm' ),
( 'e20a32f2-c808-45e3-bdb6-2389e8efaa20', 'Contact Allergies' ),
( '892c8523-d6e3-4670-a7d8-2a2078e6da45', 'Food Allergies' ),
( '892c8523-d6e3-4670-a7d8-2a2078e6da45', 'Fleas' ),
( '319a98f0-19a3-44aa-8a19-6be1aaa47aa3', 'Ringworm' );
INSERT INTO public."animal_illnesses" (animal_id, illnesses) VALUES ( 'a108a82d-9acd-498b-9da5-0a77375a328f', 'Feline Hyperthyroidism' ),
( 'a108a82d-9acd-498b-9da5-0a77375a328f', 'Feline Immunodeficiency Virus (FIV)' ),
( 'aa19fa59-4916-464d-920d-6231ab7f3f2e', 'Feline Infectious Peritonitis (FIP)' ),
( '8d970694-797a-4852-b142-18fd14d9de35', 'Feline Leukemia Virus (FeLV)' ),
( '8d970694-797a-4852-b142-18fd14d9de35', 'Feline Diabetes' ),
( 'ae627bf1-501a-4642-ba7e-8a25183629f8', 'Feline Obesity' ),
( 'ae627bf1-501a-4642-ba7e-8a25183629f8', 'Feline Kidney Disease' ),
( 'e20a32f2-c808-45e3-bdb6-2389e8efaa20', 'Feline Immunodeficiency Virus (FIV)' ),
( 'c6693d20-9560-4bcc-ac1f-b029eddee172', 'Feline Immunodeficiency Virus (FIV)' ),
( '892c8523-d6e3-4670-a7d8-2a2078e6da45', 'Feline Obesity' ),
( '892c8523-d6e3-4670-a7d8-2a2078e6da45', 'Feline Dental Disease' ),
( '710f33bd-279e-4e1c-85a5-fe15d72cd01a', 'Feline Infectious Peritonitis (FIP)' ),
( '710f33bd-279e-4e1c-85a5-fe15d72cd01a', 'Feline Asthma' );
INSERT INTO public."animal_otherpicturefileurls" (animal_id, otherpicturefileurls) VALUES ( 'a108a82d-9acd-498b-9da5-0a77375a328f', 'https://sobotta.digital/animals/cat5.jpg' ),
( 'a108a82d-9acd-498b-9da5-0a77375a328f', 'https://sobotta.digital/animals/cat3.jpg' ),
( 'aa19fa59-4916-464d-920d-6231ab7f3f2e', 'https://sobotta.digital/animals/dog2.jpg' ),
( 'aa19fa59-4916-464d-920d-6231ab7f3f2e', 'https://sobotta.digital/animals/dog2.jpg' ),
( '5b6ba7bf-407e-494d-930c-3e6aca367b39', 'https://sobotta.digital/animals/dog1.jpg' ),
( '5b6ba7bf-407e-494d-930c-3e6aca367b39', 'https://sobotta.digital/animals/dog3.jpg' ),
( '8d970694-797a-4852-b142-18fd14d9de35', 'https://sobotta.digital/animals/cat5.jpg' ),
( '8d970694-797a-4852-b142-18fd14d9de35', 'https://sobotta.digital/animals/cat4.jpg' ),
( 'ae627bf1-501a-4642-ba7e-8a25183629f8', 'https://sobotta.digital/animals/dog5.jpg' ),
( 'ae627bf1-501a-4642-ba7e-8a25183629f8', 'https://sobotta.digital/animals/dog2.jpg' ),
( 'e20a32f2-c808-45e3-bdb6-2389e8efaa20', 'https://sobotta.digital/animals/dog2.jpg' ),
( 'e20a32f2-c808-45e3-bdb6-2389e8efaa20', 'https://sobotta.digital/animals/dog1.jpg' ),
( 'c6693d20-9560-4bcc-ac1f-b029eddee172', 'https://sobotta.digital/animals/dog5.jpg' ),
( 'c6693d20-9560-4bcc-ac1f-b029eddee172', 'https://sobotta.digital/animals/dog1.jpg' ),
( '892c8523-d6e3-4670-a7d8-2a2078e6da45', 'https://sobotta.digital/animals/dog1.jpg' ),
( '892c8523-d6e3-4670-a7d8-2a2078e6da45', 'https://sobotta.digital/animals/dog5.jpg' ),
( '710f33bd-279e-4e1c-85a5-fe15d72cd01a', 'https://sobotta.digital/animals/dog3.jpg' ),
( '710f33bd-279e-4e1c-85a5-fe15d72cd01a', 'https://sobotta.digital/animals/dog4.jpg' ),
( '319a98f0-19a3-44aa-8a19-6be1aaa47aa3', 'https://sobotta.digital/animals/dog3.jpg' ),
( '319a98f0-19a3-44aa-8a19-6be1aaa47aa3', 'https://sobotta.digital/animals/dog5.jpg' );